bytes,content-type,elapsed,endpoint,resource,status,entry-date,start-date,end-date
393,text/plain; charset=utf-8,0.118,3c44b28bbe71251aa1bd8c5e080e913033b82aa56e88c9f6589daa8dca8ac82c,5dfdcfe30d14daa3ed3f10fd8ec5a3fec613fa9b7ae08344b2faa899d9fdf0e8,200,2021-11-28T11:41:00.826976,,
12946,text/plain; charset=utf-8,0.12,bd15d1466ddf88e31ed224b0f7dd88b378f9187ed6b51b329481c032e99f4eea,c6a8ea056065e65725671b5405c0a4a1e1473d2c01374198fb37edbe05779f67,200,2021-11-28T11:41:00.826976,,
393,text/plain; charset=utf-8,0.085,3c44b28bbe71251aa1bd8c5e080e913033b82aa56e88c9f6589daa8dca8ac82c,5dfdcfe30d14daa3ed3f10fd8ec5a3fec613fa9b7ae08344b2faa899d9fdf0e8,200,2021-11-29T00:44:58.953541,,
12946,text/plain; charset=utf-8,0.116,bd15d1466ddf88e31ed224b0f7dd88b378f9187ed6b51b329481c032e99f4eea,c6a8ea056065e65725671b5405c0a4a1e1473d2c01374198fb37edbe05779f67,200,2021-11-29T00:44:58.953541,,
393,text/plain; charset=utf-8,0.094,3c44b28bbe71251aa1bd8c5e080e913033b82aa56e88c9f6589daa8dca8ac82c,5dfdcfe30d14daa3ed3f10fd8ec5a3fec613fa9b7ae08344b2faa899d9fdf0e8,200,2021-11-30T00:47:02.566950,,
12946,text/plain; charset=utf-8,0.15,bd15d1466ddf88e31ed224b0f7dd88b378f9187ed6b51b329481c032e99f4eea,c6a8ea056065e65725671b5405c0a4a1e1473d2c01374198fb37edbe05779f67,200,2021-11-30T00:47:02.566950,,
393,text/plain; charset=utf-8,0.091,3c44b28bbe71251aa1bd8c5e080e913033b82aa56e88c9f6589daa8dca8ac82c,5dfdcfe30d14daa3ed3f10fd8ec5a3fec613fa9b7ae08344b2faa899d9fdf0e8,200,2021-12-01T00:47:52.730585,,
12946,text/plain; charset=utf-8,0.126,bd15d1466ddf88e31ed224b0f7dd88b378f9187ed6b51b329481c032e99f4eea,c6a8ea056065e65725671b5405c0a4a1e1473d2c01374198fb37edbe05779f67,200,2021-12-01T00:47:52.730585,,
393,text/plain; charset=utf-8,0.421,3c44b28bbe71251aa1bd8c5e080e913033b82aa56e88c9f6589daa8dca8ac82c,5dfdcfe30d14daa3ed3f10fd8ec5a3fec613fa9b7ae08344b2faa899d9fdf0e8,200,2021-12-02T00:45:31.610238,,
12946,text/plain; charset=utf-8,0.429,bd15d1466ddf88e31ed224b0f7dd88b378f9187ed6b51b329481c032e99f4eea,c6a8ea056065e65725671b5405c0a4a1e1473d2c01374198fb37edbe05779f67,200,2021-12-02T00:45:31.610238,,
393,text/plain; charset=utf-8,0.095,3c44b28bbe71251aa1bd8c5e080e913033b82aa56e88c9f6589daa8dca8ac82c,5dfdcfe30d14daa3ed3f10fd8ec5a3fec613fa9b7ae08344b2faa899d9fdf0e8,200,2021-12-03T00:45:39.487182,,
12946,text/plain; charset=utf-8,0.137,bd15d1466ddf88e31ed224b0f7dd88b378f9187ed6b51b329481c032e99f4eea,c6a8ea056065e65725671b5405c0a4a1e1473d2c01374198fb37edbe05779f67,200,2021-12-03T00:45:39.487182,,
393,text/plain; charset=utf-8,0.186,3c44b28bbe71251aa1bd8c5e080e913033b82aa56e88c9f6589daa8dca8ac82c,5dfdcfe30d14daa3ed3f10fd8ec5a3fec613fa9b7ae08344b2faa899d9fdf0e8,200,2021-12-04T00:45:02.393560,,
12946,text/plain; charset=utf-8,0.303,bd15d1466ddf88e31ed224b0f7dd88b378f9187ed6b51b329481c032e99f4eea,c6a8ea056065e65725671b5405c0a4a1e1473d2c01374198fb37edbe05779f67,200,2021-12-04T00:45:02.393560,,
393,text/plain; charset=utf-8,0.09,3c44b28bbe71251aa1bd8c5e080e913033b82aa56e88c9f6589daa8dca8ac82c,5dfdcfe30d14daa3ed3f10fd8ec5a3fec613fa9b7ae08344b2faa899d9fdf0e8,200,2021-12-05T00:49:41.881391,,
12946,text/plain; charset=utf-8,0.239,bd15d1466ddf88e31ed224b0f7dd88b378f9187ed6b51b329481c032e99f4eea,c6a8ea056065e65725671b5405c0a4a1e1473d2c01374198fb37edbe05779f67,200,2021-12-05T00:49:41.881391,,
393,text/plain; charset=utf-8,0.252,3c44b28bbe71251aa1bd8c5e080e913033b82aa56e88c9f6589daa8dca8ac82c,5dfdcfe30d14daa3ed3f10fd8ec5a3fec613fa9b7ae08344b2faa899d9fdf0e8,200,2021-12-06T00:48:06.018911,,
12946,text/plain; charset=utf-8,0.339,bd15d1466ddf88e31ed224b0f7dd88b378f9187ed6b51b329481c032e99f4eea,c6a8ea056065e65725671b5405c0a4a1e1473d2c01374198fb37edbe05779f67,200,2021-12-06T00:48:06.018911,,
393,text/plain; charset=utf-8,0.104,3c44b28bbe71251aa1bd8c5e080e913033b82aa56e88c9f6589daa8dca8ac82c,5dfdcfe30d14daa3ed3f10fd8ec5a3fec613fa9b7ae08344b2faa899d9fdf0e8,200,2021-12-07T00:48:24.261401,,
12946,text/plain; charset=utf-8,0.132,bd15d1466ddf88e31ed224b0f7dd88b378f9187ed6b51b329481c032e99f4eea,c6a8ea056065e65725671b5405c0a4a1e1473d2c01374198fb37edbe05779f67,200,2021-12-07T00:48:24.261401,,
393,text/plain; charset=utf-8,0.156,3c44b28bbe71251aa1bd8c5e080e913033b82aa56e88c9f6589daa8dca8ac82c,5dfdcfe30d14daa3ed3f10fd8ec5a3fec613fa9b7ae08344b2faa899d9fdf0e8,200,2021-12-08T00:49:56.486477,,
12946,text/plain; charset=utf-8,0.259,bd15d1466ddf88e31ed224b0f7dd88b378f9187ed6b51b329481c032e99f4eea,c6a8ea056065e65725671b5405c0a4a1e1473d2c01374198fb37edbe05779f67,200,2021-12-08T00:49:56.486477,,
393,text/plain; charset=utf-8,0.234,3c44b28bbe71251aa1bd8c5e080e913033b82aa56e88c9f6589daa8dca8ac82c,5dfdcfe30d14daa3ed3f10fd8ec5a3fec613fa9b7ae08344b2faa899d9fdf0e8,200,2021-12-09T00:46:06.576341,,
12946,text/plain; charset=utf-8,0.144,bd15d1466ddf88e31ed224b0f7dd88b378f9187ed6b51b329481c032e99f4eea,c6a8ea056065e65725671b5405c0a4a1e1473d2c01374198fb37edbe05779f67,200,2021-12-09T00:46:06.576341,,
393,text/plain; charset=utf-8,0.094,3c44b28bbe71251aa1bd8c5e080e913033b82aa56e88c9f6589daa8dca8ac82c,5dfdcfe30d14daa3ed3f10fd8ec5a3fec613fa9b7ae08344b2faa899d9fdf0e8,200,2021-12-10T00:47:25.146957,,
12946,text/plain; charset=utf-8,0.138,bd15d1466ddf88e31ed224b0f7dd88b378f9187ed6b51b329481c032e99f4eea,c6a8ea056065e65725671b5405c0a4a1e1473d2c01374198fb37edbe05779f67,200,2021-12-10T00:47:25.146957,,
393,text/plain; charset=utf-8,0.081,3c44b28bbe71251aa1bd8c5e080e913033b82aa56e88c9f6589daa8dca8ac82c,5dfdcfe30d14daa3ed3f10fd8ec5a3fec613fa9b7ae08344b2faa899d9fdf0e8,200,2021-12-11T00:45:15.402728,,
12946,text/plain; charset=utf-8,0.12,bd15d1466ddf88e31ed224b0f7dd88b378f9187ed6b51b329481c032e99f4eea,c6a8ea056065e65725671b5405c0a4a1e1473d2c01374198fb37edbe05779f67,200,2021-12-11T00:45:15.402728,,
393,text/plain; charset=utf-8,0.645,3c44b28bbe71251aa1bd8c5e080e913033b82aa56e88c9f6589daa8dca8ac82c,5dfdcfe30d14daa3ed3f10fd8ec5a3fec613fa9b7ae08344b2faa899d9fdf0e8,200,2021-12-12T00:49:16.154474,,
12946,text/plain; charset=utf-8,0.192,bd15d1466ddf88e31ed224b0f7dd88b378f9187ed6b51b329481c032e99f4eea,c6a8ea056065e65725671b5405c0a4a1e1473d2c01374198fb37edbe05779f67,200,2021-12-12T00:49:16.154474,,
393,text/plain; charset=utf-8,0.151,3c44b28bbe71251aa1bd8c5e080e913033b82aa56e88c9f6589daa8dca8ac82c,5dfdcfe30d14daa3ed3f10fd8ec5a3fec613fa9b7ae08344b2faa899d9fdf0e8,200,2021-12-13T00:46:38.959463,,
12946,text/plain; charset=utf-8,0.191,bd15d1466ddf88e31ed224b0f7dd88b378f9187ed6b51b329481c032e99f4eea,c6a8ea056065e65725671b5405c0a4a1e1473d2c01374198fb37edbe05779f67,200,2021-12-13T00:46:38.959463,,
393,text/plain; charset=utf-8,0.111,3c44b28bbe71251aa1bd8c5e080e913033b82aa56e88c9f6589daa8dca8ac82c,5dfdcfe30d14daa3ed3f10fd8ec5a3fec613fa9b7ae08344b2faa899d9fdf0e8,200,2021-12-14T00:49:41.006203,,
12946,text/plain; charset=utf-8,0.125,bd15d1466ddf88e31ed224b0f7dd88b378f9187ed6b51b329481c032e99f4eea,c6a8ea056065e65725671b5405c0a4a1e1473d2c01374198fb37edbe05779f67,200,2021-12-14T00:49:41.006203,,
393,text/plain; charset=utf-8,0.087,3c44b28bbe71251aa1bd8c5e080e913033b82aa56e88c9f6589daa8dca8ac82c,5dfdcfe30d14daa3ed3f10fd8ec5a3fec613fa9b7ae08344b2faa899d9fdf0e8,200,2021-12-15T00:46:08.075086,,
12946,text/plain; charset=utf-8,0.134,bd15d1466ddf88e31ed224b0f7dd88b378f9187ed6b51b329481c032e99f4eea,c6a8ea056065e65725671b5405c0a4a1e1473d2c01374198fb37edbe05779f67,200,2021-12-15T00:46:08.075086,,
393,text/plain; charset=utf-8,0.09,3c44b28bbe71251aa1bd8c5e080e913033b82aa56e88c9f6589daa8dca8ac82c,5dfdcfe30d14daa3ed3f10fd8ec5a3fec613fa9b7ae08344b2faa899d9fdf0e8,200,2021-12-16T00:46:17.056101,,
12946,text/plain; charset=utf-8,0.135,bd15d1466ddf88e31ed224b0f7dd88b378f9187ed6b51b329481c032e99f4eea,c6a8ea056065e65725671b5405c0a4a1e1473d2c01374198fb37edbe05779f67,200,2021-12-16T00:46:17.056101,,
393,text/plain; charset=utf-8,0.097,3c44b28bbe71251aa1bd8c5e080e913033b82aa56e88c9f6589daa8dca8ac82c,5dfdcfe30d14daa3ed3f10fd8ec5a3fec613fa9b7ae08344b2faa899d9fdf0e8,200,2021-12-17T00:49:08.693656,,
12946,text/plain; charset=utf-8,0.119,bd15d1466ddf88e31ed224b0f7dd88b378f9187ed6b51b329481c032e99f4eea,c6a8ea056065e65725671b5405c0a4a1e1473d2c01374198fb37edbe05779f67,200,2021-12-17T00:49:08.693656,,
393,text/plain; charset=utf-8,0.157,3c44b28bbe71251aa1bd8c5e080e913033b82aa56e88c9f6589daa8dca8ac82c,5dfdcfe30d14daa3ed3f10fd8ec5a3fec613fa9b7ae08344b2faa899d9fdf0e8,200,2021-12-18T00:51:02.367175,,
12946,text/plain; charset=utf-8,0.226,bd15d1466ddf88e31ed224b0f7dd88b378f9187ed6b51b329481c032e99f4eea,c6a8ea056065e65725671b5405c0a4a1e1473d2c01374198fb37edbe05779f67,200,2021-12-18T00:51:02.367175,,
393,text/plain; charset=utf-8,0.081,3c44b28bbe71251aa1bd8c5e080e913033b82aa56e88c9f6589daa8dca8ac82c,5dfdcfe30d14daa3ed3f10fd8ec5a3fec613fa9b7ae08344b2faa899d9fdf0e8,200,2021-12-19T00:50:48.701527,,
12946,text/plain; charset=utf-8,0.122,bd15d1466ddf88e31ed224b0f7dd88b378f9187ed6b51b329481c032e99f4eea,c6a8ea056065e65725671b5405c0a4a1e1473d2c01374198fb37edbe05779f67,200,2021-12-19T00:50:48.701527,,
393,text/plain; charset=utf-8,0.082,3c44b28bbe71251aa1bd8c5e080e913033b82aa56e88c9f6589daa8dca8ac82c,5dfdcfe30d14daa3ed3f10fd8ec5a3fec613fa9b7ae08344b2faa899d9fdf0e8,200,2021-12-20T00:48:53.591063,,
12946,text/plain; charset=utf-8,0.132,bd15d1466ddf88e31ed224b0f7dd88b378f9187ed6b51b329481c032e99f4eea,c6a8ea056065e65725671b5405c0a4a1e1473d2c01374198fb37edbe05779f67,200,2021-12-20T00:48:53.591063,,
393,text/plain; charset=utf-8,0.145,3c44b28bbe71251aa1bd8c5e080e913033b82aa56e88c9f6589daa8dca8ac82c,5dfdcfe30d14daa3ed3f10fd8ec5a3fec613fa9b7ae08344b2faa899d9fdf0e8,200,2021-12-21T00:51:01.383682,,
12946,text/plain; charset=utf-8,0.152,bd15d1466ddf88e31ed224b0f7dd88b378f9187ed6b51b329481c032e99f4eea,c6a8ea056065e65725671b5405c0a4a1e1473d2c01374198fb37edbe05779f67,200,2021-12-21T00:51:01.383682,,
393,text/plain; charset=utf-8,0.151,3c44b28bbe71251aa1bd8c5e080e913033b82aa56e88c9f6589daa8dca8ac82c,5dfdcfe30d14daa3ed3f10fd8ec5a3fec613fa9b7ae08344b2faa899d9fdf0e8,200,2021-12-22T00:50:25.619220,,
12946,text/plain; charset=utf-8,0.26,bd15d1466ddf88e31ed224b0f7dd88b378f9187ed6b51b329481c032e99f4eea,c6a8ea056065e65725671b5405c0a4a1e1473d2c01374198fb37edbe05779f67,200,2021-12-22T00:50:25.619220,,
393,text/plain; charset=utf-8,0.096,3c44b28bbe71251aa1bd8c5e080e913033b82aa56e88c9f6589daa8dca8ac82c,5dfdcfe30d14daa3ed3f10fd8ec5a3fec613fa9b7ae08344b2faa899d9fdf0e8,200,2021-12-23T00:49:43.797471,,
12946,text/plain; charset=utf-8,0.119,bd15d1466ddf88e31ed224b0f7dd88b378f9187ed6b51b329481c032e99f4eea,c6a8ea056065e65725671b5405c0a4a1e1473d2c01374198fb37edbe05779f67,200,2021-12-23T00:49:43.797471,,
393,text/plain; charset=utf-8,0.093,3c44b28bbe71251aa1bd8c5e080e913033b82aa56e88c9f6589daa8dca8ac82c,5dfdcfe30d14daa3ed3f10fd8ec5a3fec613fa9b7ae08344b2faa899d9fdf0e8,200,2021-12-24T00:46:56.656599,,
12946,text/plain; charset=utf-8,0.137,bd15d1466ddf88e31ed224b0f7dd88b378f9187ed6b51b329481c032e99f4eea,c6a8ea056065e65725671b5405c0a4a1e1473d2c01374198fb37edbe05779f67,200,2021-12-24T00:46:56.656599,,
393,text/plain; charset=utf-8,0.142,3c44b28bbe71251aa1bd8c5e080e913033b82aa56e88c9f6589daa8dca8ac82c,5dfdcfe30d14daa3ed3f10fd8ec5a3fec613fa9b7ae08344b2faa899d9fdf0e8,200,2021-12-25T00:46:29.180461,,
12946,text/plain; charset=utf-8,0.197,bd15d1466ddf88e31ed224b0f7dd88b378f9187ed6b51b329481c032e99f4eea,c6a8ea056065e65725671b5405c0a4a1e1473d2c01374198fb37edbe05779f67,200,2021-12-25T00:46:29.180461,,
393,text/plain; charset=utf-8,0.146,3c44b28bbe71251aa1bd8c5e080e913033b82aa56e88c9f6589daa8dca8ac82c,5dfdcfe30d14daa3ed3f10fd8ec5a3fec613fa9b7ae08344b2faa899d9fdf0e8,200,2021-12-26T00:50:53.740381,,
12946,text/plain; charset=utf-8,0.19,bd15d1466ddf88e31ed224b0f7dd88b378f9187ed6b51b329481c032e99f4eea,c6a8ea056065e65725671b5405c0a4a1e1473d2c01374198fb37edbe05779f67,200,2021-12-26T00:50:53.740381,,
393,text/plain; charset=utf-8,0.082,3c44b28bbe71251aa1bd8c5e080e913033b82aa56e88c9f6589daa8dca8ac82c,5dfdcfe30d14daa3ed3f10fd8ec5a3fec613fa9b7ae08344b2faa899d9fdf0e8,200,2021-12-27T00:50:24.025569,,
12946,text/plain; charset=utf-8,0.122,bd15d1466ddf88e31ed224b0f7dd88b378f9187ed6b51b329481c032e99f4eea,c6a8ea056065e65725671b5405c0a4a1e1473d2c01374198fb37edbe05779f67,200,2021-12-27T00:50:24.025569,,
393,text/plain; charset=utf-8,0.086,3c44b28bbe71251aa1bd8c5e080e913033b82aa56e88c9f6589daa8dca8ac82c,5dfdcfe30d14daa3ed3f10fd8ec5a3fec613fa9b7ae08344b2faa899d9fdf0e8,200,2021-12-28T00:47:39.969989,,
12946,text/plain; charset=utf-8,0.143,bd15d1466ddf88e31ed224b0f7dd88b378f9187ed6b51b329481c032e99f4eea,c6a8ea056065e65725671b5405c0a4a1e1473d2c01374198fb37edbe05779f67,200,2021-12-28T00:47:39.969989,,
393,text/plain; charset=utf-8,0.085,3c44b28bbe71251aa1bd8c5e080e913033b82aa56e88c9f6589daa8dca8ac82c,5dfdcfe30d14daa3ed3f10fd8ec5a3fec613fa9b7ae08344b2faa899d9fdf0e8,200,2021-12-29T00:47:23.515065,,
12946,text/plain; charset=utf-8,0.14,bd15d1466ddf88e31ed224b0f7dd88b378f9187ed6b51b329481c032e99f4eea,c6a8ea056065e65725671b5405c0a4a1e1473d2c01374198fb37edbe05779f67,200,2021-12-29T00:47:23.515065,,
393,text/plain; charset=utf-8,0.092,3c44b28bbe71251aa1bd8c5e080e913033b82aa56e88c9f6589daa8dca8ac82c,5dfdcfe30d14daa3ed3f10fd8ec5a3fec613fa9b7ae08344b2faa899d9fdf0e8,200,2021-12-30T00:47:18.918772,,
12946,text/plain; charset=utf-8,0.142,bd15d1466ddf88e31ed224b0f7dd88b378f9187ed6b51b329481c032e99f4eea,c6a8ea056065e65725671b5405c0a4a1e1473d2c01374198fb37edbe05779f67,200,2021-12-30T00:47:18.918772,,
393,text/plain; charset=utf-8,0.093,3c44b28bbe71251aa1bd8c5e080e913033b82aa56e88c9f6589daa8dca8ac82c,5dfdcfe30d14daa3ed3f10fd8ec5a3fec613fa9b7ae08344b2faa899d9fdf0e8,200,2021-12-31T00:49:23.444739,,
12946,text/plain; charset=utf-8,0.13,bd15d1466ddf88e31ed224b0f7dd88b378f9187ed6b51b329481c032e99f4eea,c6a8ea056065e65725671b5405c0a4a1e1473d2c01374198fb37edbe05779f67,200,2021-12-31T00:49:23.444739,,
393,text/plain; charset=utf-8,0.079,3c44b28bbe71251aa1bd8c5e080e913033b82aa56e88c9f6589daa8dca8ac82c,5dfdcfe30d14daa3ed3f10fd8ec5a3fec613fa9b7ae08344b2faa899d9fdf0e8,200,2022-01-01T00:49:57.937805,,
12946,text/plain; charset=utf-8,0.123,bd15d1466ddf88e31ed224b0f7dd88b378f9187ed6b51b329481c032e99f4eea,c6a8ea056065e65725671b5405c0a4a1e1473d2c01374198fb37edbe05779f67,200,2022-01-01T00:49:57.937805,,
393,text/plain; charset=utf-8,0.15,3c44b28bbe71251aa1bd8c5e080e913033b82aa56e88c9f6589daa8dca8ac82c,5dfdcfe30d14daa3ed3f10fd8ec5a3fec613fa9b7ae08344b2faa899d9fdf0e8,200,2022-01-02T00:51:03.808815,,
12946,text/plain; charset=utf-8,0.351,bd15d1466ddf88e31ed224b0f7dd88b378f9187ed6b51b329481c032e99f4eea,c6a8ea056065e65725671b5405c0a4a1e1473d2c01374198fb37edbe05779f67,200,2022-01-02T00:51:03.808815,,
393,text/plain; charset=utf-8,0.37,3c44b28bbe71251aa1bd8c5e080e913033b82aa56e88c9f6589daa8dca8ac82c,5dfdcfe30d14daa3ed3f10fd8ec5a3fec613fa9b7ae08344b2faa899d9fdf0e8,200,2022-01-03T00:48:16.423392,,
12946,text/plain; charset=utf-8,0.208,bd15d1466ddf88e31ed224b0f7dd88b378f9187ed6b51b329481c032e99f4eea,c6a8ea056065e65725671b5405c0a4a1e1473d2c01374198fb37edbe05779f67,200,2022-01-03T00:48:16.423392,,
393,text/plain; charset=utf-8,0.093,3c44b28bbe71251aa1bd8c5e080e913033b82aa56e88c9f6589daa8dca8ac82c,5dfdcfe30d14daa3ed3f10fd8ec5a3fec613fa9b7ae08344b2faa899d9fdf0e8,200,2022-01-04T00:49:14.130112,,
12946,text/plain; charset=utf-8,0.134,bd15d1466ddf88e31ed224b0f7dd88b378f9187ed6b51b329481c032e99f4eea,c6a8ea056065e65725671b5405c0a4a1e1473d2c01374198fb37edbe05779f67,200,2022-01-04T00:49:14.130112,,
393,text/plain; charset=utf-8,0.094,3c44b28bbe71251aa1bd8c5e080e913033b82aa56e88c9f6589daa8dca8ac82c,5dfdcfe30d14daa3ed3f10fd8ec5a3fec613fa9b7ae08344b2faa899d9fdf0e8,200,2022-01-05T00:51:06.955751,,
12946,text/plain; charset=utf-8,0.129,bd15d1466ddf88e31ed224b0f7dd88b378f9187ed6b51b329481c032e99f4eea,c6a8ea056065e65725671b5405c0a4a1e1473d2c01374198fb37edbe05779f67,200,2022-01-05T00:51:06.955751,,
393,text/plain; charset=utf-8,0.091,3c44b28bbe71251aa1bd8c5e080e913033b82aa56e88c9f6589daa8dca8ac82c,5dfdcfe30d14daa3ed3f10fd8ec5a3fec613fa9b7ae08344b2faa899d9fdf0e8,200,2022-01-06T00:54:13.327332,,
12946,text/plain; charset=utf-8,0.132,bd15d1466ddf88e31ed224b0f7dd88b378f9187ed6b51b329481c032e99f4eea,c6a8ea056065e65725671b5405c0a4a1e1473d2c01374198fb37edbe05779f67,200,2022-01-06T00:54:13.327332,,
393,text/plain; charset=utf-8,0.094,3c44b28bbe71251aa1bd8c5e080e913033b82aa56e88c9f6589daa8dca8ac82c,5dfdcfe30d14daa3ed3f10fd8ec5a3fec613fa9b7ae08344b2faa899d9fdf0e8,200,2022-01-07T00:54:20.398281,,
12946,text/plain; charset=utf-8,0.121,bd15d1466ddf88e31ed224b0f7dd88b378f9187ed6b51b329481c032e99f4eea,c6a8ea056065e65725671b5405c0a4a1e1473d2c01374198fb37edbe05779f67,200,2022-01-07T00:54:20.398281,,
393,text/plain; charset=utf-8,0.093,3c44b28bbe71251aa1bd8c5e080e913033b82aa56e88c9f6589daa8dca8ac82c,5dfdcfe30d14daa3ed3f10fd8ec5a3fec613fa9b7ae08344b2faa899d9fdf0e8,200,2022-01-08T00:48:55.685306,,
12946,text/plain; charset=utf-8,0.142,bd15d1466ddf88e31ed224b0f7dd88b378f9187ed6b51b329481c032e99f4eea,c6a8ea056065e65725671b5405c0a4a1e1473d2c01374198fb37edbe05779f67,200,2022-01-08T00:48:55.685306,,
393,text/plain; charset=utf-8,0.1,3c44b28bbe71251aa1bd8c5e080e913033b82aa56e88c9f6589daa8dca8ac82c,5dfdcfe30d14daa3ed3f10fd8ec5a3fec613fa9b7ae08344b2faa899d9fdf0e8,200,2022-01-09T00:51:21.413503,,
12946,text/plain; charset=utf-8,0.15,bd15d1466ddf88e31ed224b0f7dd88b378f9187ed6b51b329481c032e99f4eea,c6a8ea056065e65725671b5405c0a4a1e1473d2c01374198fb37edbe05779f67,200,2022-01-09T00:51:21.413503,,
393,text/plain; charset=utf-8,0.168,3c44b28bbe71251aa1bd8c5e080e913033b82aa56e88c9f6589daa8dca8ac82c,5dfdcfe30d14daa3ed3f10fd8ec5a3fec613fa9b7ae08344b2faa899d9fdf0e8,200,2022-01-10T00:47:57.933455,,
12946,text/plain; charset=utf-8,0.27,bd15d1466ddf88e31ed224b0f7dd88b378f9187ed6b51b329481c032e99f4eea,c6a8ea056065e65725671b5405c0a4a1e1473d2c01374198fb37edbe05779f67,200,2022-01-10T00:47:57.933455,,
393,text/plain; charset=utf-8,0.318,3c44b28bbe71251aa1bd8c5e080e913033b82aa56e88c9f6589daa8dca8ac82c,5dfdcfe30d14daa3ed3f10fd8ec5a3fec613fa9b7ae08344b2faa899d9fdf0e8,200,2022-01-11T00:51:14.023589,,
12946,text/plain; charset=utf-8,0.275,bd15d1466ddf88e31ed224b0f7dd88b378f9187ed6b51b329481c032e99f4eea,c6a8ea056065e65725671b5405c0a4a1e1473d2c01374198fb37edbe05779f67,200,2022-01-11T00:51:14.023589,,
393,text/plain; charset=utf-8,3.196,3c44b28bbe71251aa1bd8c5e080e913033b82aa56e88c9f6589daa8dca8ac82c,5dfdcfe30d14daa3ed3f10fd8ec5a3fec613fa9b7ae08344b2faa899d9fdf0e8,200,2022-01-12T00:49:58.287100,,
12946,text/plain; charset=utf-8,3.269,bd15d1466ddf88e31ed224b0f7dd88b378f9187ed6b51b329481c032e99f4eea,c6a8ea056065e65725671b5405c0a4a1e1473d2c01374198fb37edbe05779f67,200,2022-01-12T00:49:58.287100,,
393,text/plain; charset=utf-8,0.106,3c44b28bbe71251aa1bd8c5e080e913033b82aa56e88c9f6589daa8dca8ac82c,5dfdcfe30d14daa3ed3f10fd8ec5a3fec613fa9b7ae08344b2faa899d9fdf0e8,200,2022-01-13T00:52:04.443886,,
12946,text/plain; charset=utf-8,0.166,bd15d1466ddf88e31ed224b0f7dd88b378f9187ed6b51b329481c032e99f4eea,c6a8ea056065e65725671b5405c0a4a1e1473d2c01374198fb37edbe05779f67,200,2022-01-13T00:52:04.443886,,
393,text/plain; charset=utf-8,0.108,3c44b28bbe71251aa1bd8c5e080e913033b82aa56e88c9f6589daa8dca8ac82c,5dfdcfe30d14daa3ed3f10fd8ec5a3fec613fa9b7ae08344b2faa899d9fdf0e8,200,2022-01-14T00:51:08.277868,,
12946,text/plain; charset=utf-8,0.142,bd15d1466ddf88e31ed224b0f7dd88b378f9187ed6b51b329481c032e99f4eea,c6a8ea056065e65725671b5405c0a4a1e1473d2c01374198fb37edbe05779f67,200,2022-01-14T00:51:08.277868,,
393,text/plain; charset=utf-8,0.092,3c44b28bbe71251aa1bd8c5e080e913033b82aa56e88c9f6589daa8dca8ac82c,5dfdcfe30d14daa3ed3f10fd8ec5a3fec613fa9b7ae08344b2faa899d9fdf0e8,200,2022-01-15T00:48:57.907358,,
12946,text/plain; charset=utf-8,0.13,bd15d1466ddf88e31ed224b0f7dd88b378f9187ed6b51b329481c032e99f4eea,c6a8ea056065e65725671b5405c0a4a1e1473d2c01374198fb37edbe05779f67,200,2022-01-15T00:48:57.907358,,
393,text/plain; charset=utf-8,0.093,3c44b28bbe71251aa1bd8c5e080e913033b82aa56e88c9f6589daa8dca8ac82c,5dfdcfe30d14daa3ed3f10fd8ec5a3fec613fa9b7ae08344b2faa899d9fdf0e8,200,2022-01-16T00:52:11.654577,,
12946,text/plain; charset=utf-8,0.14,bd15d1466ddf88e31ed224b0f7dd88b378f9187ed6b51b329481c032e99f4eea,c6a8ea056065e65725671b5405c0a4a1e1473d2c01374198fb37edbe05779f67,200,2022-01-16T00:52:11.654577,,
